,Worker 0,Worker 1,Worker 2,Worker 3,Worker 4,Worker 5,Worker 6,Worker 7,Worker 8,Worker 9
0,"[1.0059880018234253, 1.0059877634048462, 1.001484782406778, 0.9917669973108504, 0.9881111979966212, 0.9865175152547432, 0.9215528642830223, 0.8994067811062841, 0.8200174334916202, 0.7628195501457561, 0.7370382094910048, 0.6980389320729959, 0.7048667549244081, 0.6949044376099952, 0.6846108394680601, 0.6755018606887321, 0.6932474262485601, 0.6641543417672316, 0.6678937699969368, 0.6481649611815058]","[1.0059880018234253, 1.0059875263108147, 1.005964375096138, 0.9680049196698449, 0.8388695375245027, 0.9460737358078812, 0.8479514790002746, 0.8574844537193727, 0.8691381753966062, 0.76114257431241, 0.7545867820249663, 0.7584821196939006, 0.7617372304186074, 0.7433536853558488, 0.7557171561711966, 0.7234669918348693, 0.7034319339241042, 0.7115196909431857, 0.7112347451589927, 0.6928901851071854]","[1.0059878826141357, 1.0058541178221654, 1.003019345998764, 1.002981903167686, 0.8824578852183891, 0.9749641956524415, 0.9113395995895068, 0.8045597330638856, 0.8227451755813878, 0.7956466799823925, 0.7739664603062351, 0.7603366233604123, 0.750467737431478, 0.7199352952386394, 0.7009850640534753, 0.7030419622316505, 0.6843997244687393, 0.6857085903636133, 0.6751667586932278, 0.6642710238665042]","[1.0059881210327148, 1.0059878826141357, 0.9989799693377331, 1.0045994285622029, 0.9795317224360476, 0.891834917369515, 0.8939982991387145, 0.8560375793601829, 0.8307820278669548, 0.815285514948344, 0.7729778065118524, 0.7347651761386431, 0.7204827602915089, 0.7057517015151303, 0.6744592424023031, 0.6677008202250557, 0.6559731407117362, 0.6539833742651072, 0.6404348443719474, 0.6513043420378006]","[1.0059880018234253, 1.0059878826141357, 0.9993491982209562, 0.9870657835705112, 0.9715634326621739, 0.9219133323912668, 0.9127860934084112, 0.8692242451215332, 0.8502193316388311, 0.8112110754456183, 0.7978565254355922, 0.7745893592259498, 0.765763622144557, 0.7541528473011773, 0.745548044699009, 0.7247474226250191, 0.7175385917813489, 0.7127356452487333, 0.69551224797061, 0.6762730992758514]","[1.0059880018234253, 1.0059080246963887, 1.0015810590320164, 1.0014246091156296, 0.8875199509810919, 0.9927756726139724, 0.8967741859260232, 0.8735124942238884, 0.8294744164052635, 0.7624228520450568, 0.6989394977718892, 0.6718074403221559, 0.6359188505683584, 0.6023707348108291, 0.6018810668768305, 0.6116235620656398, 0.5982914732231034, 0.6013447755198889, 0.6109678008550345, 0.5867858139342732]","[1.0059881210327148, 1.0059881210327148, 1.005851904334444, 0.988512611539677, 0.9585884095382209, 0.9639147766792413, 0.9611014050004458, 0.9741103827832925, 0.8932933908610633, 0.8650956675018927, 0.8664228511458696, 0.8447470094459225, 0.808983177062538, 0.7798272476864584, 0.7571048384648983, 0.6883194977632074, 0.6931691275537014, 0.6774103064165272, 0.6714698730017802, 0.680146524785745]","[1.0059880018234253, 1.0059783942530853, 1.0045770988801512, 1.002559263561711, 0.9654211933022798, 0.9852726001089269, 0.9527772047122319, 0.9521191977310662, 0.8879166051956138, 0.8128502721377093, 0.7495073181195091, 0.7422071467234631, 0.7181953957782249, 0.7120304760683065, 0.7098837692719517, 0.6773673268731194, 0.6613343764826505, 0.6515233973330922, 0.6151292570454605, 0.624618207612122]","[1.005987966566375, 1.0059877795884105, 1.004356602370137, 1.005315711377847, 0.7894115571391703, 0.8991821025176482, 0.9070761922935042, 0.9648016417086727, 0.8952200951931453, 0.7583144647364665, 0.7459708901457113, 0.7219129229043469, 0.6900904412672977, 0.6821253253353967, 0.6500653654306826, 0.666784305637232, 0.6571481086133104, 0.6593987689566131, 0.6318627508300724, 0.6278243455561725]","[1.0059880024977406, 1.0059880135035273, 1.0048037142223782, 1.000430565614893, 0.8592387411570308, 0.8799318716983603, 0.8831869452288656, 0.8499036712899353, 0.9016898344502304, 0.84890098954391, 0.8422527583861592, 0.8269596431983842, 0.8061863239576118, 0.779320883549223, 0.756070647588884, 0.7335237317675292, 0.71238485939876, 0.6987516125314164, 0.6946783283894712, 0.6802367584286916]"
1,"[1.0059880018234253, 1.0054948611452121, 0.9983428876568573, 0.9855973061768696, 0.894853869219019, 0.9611732571052782, 0.9275678245286749, 0.833527850303987, 0.8112216821704248, 0.7733426811960008, 0.7384538525809543, 0.7160187688620404, 0.6802094781955685, 0.672421362472303, 0.6525431029393215, 0.6457363430372994, 0.6304758362592471, 0.6226743302050263, 0.6037977815035618, 0.6019624605895293]","[1.0059880018234253, 1.00598800114911, 1.005987522698412, 0.9398106396198272, 0.9677280703819159, 0.978982617048302, 0.9029487326289668, 0.8506740632472616, 0.8194674970254754, 0.7355399679731239, 0.7594799564974477, 0.751600793112408, 0.7217808555864325, 0.7051534961118843, 0.6818907717999184, 0.6755137274030483, 0.6634496893530543, 0.6287259407025395, 0.6464486602520702, 0.6160038111005166]","[1.0059880018234253, 1.0059880018234253, 1.0059876600419633, 0.999599295589659, 0.9273178227862926, 0.9403916520361949, 0.9115316592442869, 0.9116069512716447, 0.8602413263856763, 0.8092589707356511, 0.7720553004982496, 0.767042043963165, 0.7623376849082986, 0.7458696632734453, 0.7305728252608367, 0.7297937830590239, 0.7211810567794424, 0.7118696689334783, 0.7046276847250534, 0.695218008904144]","[1.0059880018234253, 1.005987747221282, 1.0057728322587831, 0.9801039045868498, 0.9938383363593708, 0.9609868800399279, 0.9353825259028059, 0.959759619205889, 0.9073290811584453, 0.8451136528813478, 0.8131234806173979, 0.7636655637019812, 0.7248453632764744, 0.6879915880810733, 0.6811037897356231, 0.6793724494615588, 0.6777156773239675, 0.6845870703458786, 0.6685493240904327, 0.674137023968829]","[1.0059880018234253, 1.0057697400420602, 1.005880401134491, 0.9532435939588932, 0.9943389322179736, 0.9910681354397475, 0.8870925376451376, 0.9598833505854462, 0.8325883804005806, 0.7700830771314977, 0.692789427279824, 0.6802759624355369, 0.6529124830091241, 0.6466220872028909, 0.6379300432915639, 0.6175821654935075, 0.6148619598330873, 0.6085811606425829, 0.6171321576939087, 0.5974499686062336]","[1.0059880018234253, 1.0059878826141357, 1.0059879635319566, 0.9869538027349144, 0.9880760288479352, 0.9637250167432457, 0.9239986969304808, 0.8356557368780627, 0.7891015163274726, 0.807804170774691, 0.7484742275542683, 0.720314430142894, 0.6775464478767279, 0.6619029105386951, 0.6716004862508389, 0.6766532422617229, 0.6840541798538632, 0.6640952950384882, 0.665882398877481, 0.6813267233486128]","[1.0059880018234253, 1.0059882402420044, 1.0051755515734355, 1.0042116863799817, 0.866632971432474, 0.8755698874562677, 0.8138977130043387, 0.8318184433501176, 0.8434893023154952, 0.8370262998402721, 0.7777942174868753, 0.7280811236798763, 0.6988767071098391, 0.6955109233205968, 0.6868723704432598, 0.6872918401492967, 0.6827778175698989, 0.6747463738210876, 0.6722208646481688, 0.6777799289666041]","[1.0059880018234253, 1.0059875326445609, 1.0038037222443206, 1.0016296192130658, 0.9068118832538826, 0.9497898195367871, 0.9132002090926122, 0.8651354326563652, 0.7938658438728313, 0.7932904326464191, 0.8236296672517001, 0.7961864409904287, 0.7688096546855839, 0.7158814403866277, 0.7147862976292769, 0.69836386047981, 0.6981366602429235, 0.665564277847909, 0.6517730110085974, 0.6442988756088296]","[1.0059880018234253, 1.005886132765298, 1.0059878815304149, 0.9915666140932026, 0.9652599118935942, 0.9469225953203259, 0.9452533217692616, 0.9110874246045797, 0.8315293058000429, 0.8073856010626663, 0.766287154449959, 0.7528832329824717, 0.7070112078155231, 0.716679120137535, 0.7039676561319467, 0.6769194294813305, 0.6703271907146531, 0.6773802977363871, 0.6496359507679337, 0.630621884746684]","[1.0059880018234253, 1.005902096936197, 1.0059880018234253, 0.9170057356748919, 0.9041354179683357, 0.9952626565730933, 0.9478816304062352, 0.911398884912934, 0.8591173108960642, 0.8552142674664054, 0.8004157333828584, 0.759291181132348, 0.7344392093143077, 0.6972737206864839, 0.6842790591957594, 0.66348609978954, 0.6568597023700825, 0.6514881576402018, 0.6438473781386409, 0.6425694324527726]"
2,"[1.0059880018234253, 1.0059878826141357, 1.0059878826141357, 0.9176090479438955, 0.8433068930049136, 0.9822411549693406, 0.9212414717252808, 0.9829806225709241, 0.9380210385629625, 0.7835643466524403, 0.7524682375623121, 0.7204088376161426, 0.7039659781829275, 0.6944269189599789, 0.6932035427262084, 0.6937805279999069, 0.6984871632989609, 0.6658066869037922, 0.6646907244080847, 0.6675363045343847]","[1.0059880018234253, 1.0059877634048462, 0.9351049621418269, 0.9528016382335412, 0.9653868325731971, 0.9975066937461043, 0.9563665499410244, 0.8895592085701046, 0.9378927203139873, 0.8900522387178257, 0.815448257570917, 0.7797200029757287, 0.7348023258089417, 0.7401309544931759, 0.72849496485609, 0.698498164258822, 0.7067826228882327, 0.6835276334484418, 0.6713395271939461, 0.6767309117603182]","[1.0059880018234253, 1.005982859062426, 1.0058462764277603, 0.9960330120361213, 0.8723985505781391, 0.895112601033967, 0.8243137920685488, 0.9008205487240445, 0.8427203057992337, 0.7956964385644956, 0.7651727389950644, 0.7425019671248667, 0.7266842228249468, 0.6678967697677588, 0.6493438642464503, 0.6356836764860635, 0.6212111102044582, 0.6143453920444455, 0.6158813434598421, 0.6032525246025938]","[1.0059881210327148, 1.0059878826141357, 1.0046428158307317, 1.0058321151107248, 0.843003585100776, 0.9178431257966793, 0.960621712376373, 0.9061911205510901, 0.8303306376813638, 0.791846304743579, 0.7771254782965689, 0.732863802416156, 0.7252456204382458, 0.7052437867555353, 0.6928002712567045, 0.666770355499754, 0.6400572321902622, 0.6361023135919763, 0.6254603210347469, 0.6274891654876146]","[1.0059881186244464, 1.0059881210327148, 1.0058871397345956, 0.9958294330702888, 0.7034995066585263, 0.913827694943457, 0.8978194897313311, 0.8445969060123569, 0.8054680412887323, 0.7541019052214394, 0.7418041805561745, 0.6955294796448164, 0.6856273219395768, 0.6777715638294967, 0.6896160632853556, 0.6628711768397779, 0.6770609704262078, 0.6601397998676155, 0.6550999956133992, 0.632235302199619]","[1.0059879402680831, 1.0059569448654098, 1.005547093863439, 1.0050823238642528, 0.9323049634002676, 0.995241248800297, 0.9641557558618411, 0.8855116043909632, 0.783580436715574, 0.8131448004733433, 0.7880722476225911, 0.7255218962677802, 0.7202776373079931, 0.7103317596048417, 0.6679278479426196, 0.6753585115406249, 0.6355192286393258, 0.6387502975671581, 0.6490494962111868, 0.6307652545095694]","[1.0059880018234253, 1.0056910205128218, 1.0059880018234253, 0.9605737731432674, 0.9776699229954469, 0.9909833876653151, 0.9606665339313373, 0.8917856783096236, 0.8327108912817155, 0.7629994715569597, 0.7468179140352842, 0.7454301095415246, 0.7238198788494172, 0.716320185850967, 0.714468183050854, 0.6912990857495201, 0.6818062665772558, 0.6844478707993873, 0.6628112161234774, 0.6458103819221559]","[1.0059880018234253, 1.0059877634048462, 1.005275162325965, 1.0021682922888284, 0.98947509451647, 0.9616437256155592, 0.9569666939853417, 0.9276262794961833, 0.7137401729310402, 0.6741300623472591, 0.6670228564995105, 0.6645629912464306, 0.654446096491031, 0.6533810781815438, 0.6570853880634814, 0.6635470969809426, 0.6590936878880467, 0.653196389923493, 0.6503196919867487, 0.6438641239326409]","[1.0059878826141357, 1.0059880256652831, 0.9992969142186521, 0.9851404393321336, 0.8626257087335442, 0.8966706988365963, 0.8588045390717911, 0.9410008235351004, 0.8935470000601778, 0.836467379280413, 0.8175638565210381, 0.7938191793919211, 0.7716229000808013, 0.7409567958899219, 0.7523120093496158, 0.7301866491861415, 0.7215757132645207, 0.701802328108537, 0.6865757427763457, 0.6711527272998684]","[1.0059878826141357, 1.0059880018234253, 1.0035555743809903, 1.0057188963528836, 0.9787588294407334, 0.921543099248048, 0.8946555289144468, 0.7382596353449002, 0.7615260183163965, 0.752616468040329, 0.7307693209747473, 0.7228184855465937, 0.7008341645321461, 0.6962993312589448, 0.6916923752713083, 0.6576497294038836, 0.6526173680840116, 0.6586136507641788, 0.6332866492762108, 0.6196264718126769]"
3,"[1.0059880018234253, 1.0059781520535247, 1.0058903284747192, 0.9365003628863229, 0.9190739061976924, 0.9212824667854742, 0.9127022642378855, 0.9114191635630348, 0.8616950525840124, 0.7883721428025853, 0.7886719860031147, 0.7880316958583967, 0.753389930594148, 0.7341848219118335, 0.7390476530639812, 0.7149150276138927, 0.697423467211651, 0.6762052067286438, 0.6420171856880188, 0.634023710156631]","[1.0059878826141357, 1.0057555285126272, 1.0056425240304736, 1.0056699131715177, 0.9422119714154138, 0.8290612662229875, 0.9320498246616787, 0.9239099876447158, 0.8634820592343205, 0.750004097619141, 0.7531364610806258, 0.7495885821635073, 0.729665537417838, 0.6950469164655666, 0.6811799270245764, 0.6797544935014512, 0.6618534401345133, 0.6632482525269793, 0.6531255704450487, 0.6561696800363787]","[1.0059880018234253, 1.0059877634048462, 1.0026581905586551, 1.00511768884129, 0.9963682801795728, 0.9913945552676615, 0.8835099620108653, 0.8795384784027783, 0.858313356102115, 0.7886866418550713, 0.7213306019492823, 0.6692765241424845, 0.6483287148463606, 0.6478963912722439, 0.6425970899411524, 0.6344643529421753, 0.6371869910561075, 0.64139394730179, 0.6415202625080793, 0.6391700393172226]","[1.0059880018234253, 1.0059878826141357, 1.0059195182299374, 1.0030072640891028, 0.9954852842923366, 0.9424272297909766, 0.8959307700214963, 0.852424739779848, 0.8369262346444708, 0.7409732666205276, 0.7174981593980332, 0.70683330337056, 0.7019182219935788, 0.6909636561226363, 0.6691125007816637, 0.6621375050809648, 0.6480193820746258, 0.6566286253929138, 0.643891072340987, 0.6312485000987847]","[1.0059880018234253, 1.0058733577439278, 1.005805004558178, 1.0036587751754606, 0.8133693395901208, 0.8262119448726828, 0.9165202740015406, 0.8897954098805032, 0.8924142303791913, 0.8213677084837298, 0.7597306698440301, 0.7170318167686763, 0.7145230922042721, 0.7043526708515304, 0.6905616114145577, 0.6836736345637326, 0.669308849570125, 0.655329495791835, 0.6597571566700935, 0.6621007280518311]","[1.0059879568128876, 1.0059492746266452, 1.0059880018234253, 0.9698957341427755, 0.9651038112002189, 0.9782625605241216, 0.9828494288825026, 0.8775101628207197, 0.8424954512022963, 0.8027388908646323, 0.8039216962727633, 0.7710435985766276, 0.7610435745722116, 0.7545608713048877, 0.7192488234016028, 0.7102016379428331, 0.7017759612202644, 0.6929218764542932, 0.6721821568003207, 0.6523700294214668]","[1.0059878826141357, 1.005981154634495, 1.0059877843326992, 0.9998848478481023, 0.9472583985870535, 0.9409937439964275, 0.9485749118255846, 0.8047961271922998, 0.7404992876390014, 0.7216973935985806, 0.7143932349242346, 0.6978245912522378, 0.6685210851467017, 0.6683249482873714, 0.6374955361058013, 0.6362002219906961, 0.6229560230566997, 0.6175709280115788, 0.617983671955087, 0.6134291800510402]","[1.0059881210327148, 1.0059878826141357, 1.0049937860773068, 1.000127502330626, 0.7526724852757021, 0.9444838242458574, 0.9284715060513429, 0.8744372281763289, 0.8162245241831048, 0.792780205685683, 0.7668066031101978, 0.7628257816608506, 0.7620271886132582, 0.7682863871196304, 0.7645296230791795, 0.7239084713582439, 0.7052113974410477, 0.6952175963617334, 0.6788234667946594, 0.6380441491335932]","[1.0059879159204888, 1.0059878826141357, 0.9887585389373278, 1.003756163409262, 0.8914646836091774, 0.880068060319231, 0.9390183951758375, 0.8794649161052223, 0.7873271150134429, 0.7621042922771338, 0.7291231778339304, 0.7036624967028396, 0.6979700818131066, 0.6881293761368954, 0.703658412362289, 0.6974282892560116, 0.6952435612467804, 0.6941844169343963, 0.7081488662446388, 0.6938240029023152]","[1.0059880018234253, 1.0059878826141357, 1.0058455468669083, 0.9962912302787857, 0.920812585395996, 0.8791284568020792, 0.8572870012786653, 0.9333479735827205, 0.8345034481660284, 0.7986527842448817, 0.7603393607458683, 0.7436673114140226, 0.7203898819001636, 0.6861205549176895, 0.7009341157114867, 0.6733964694645068, 0.665628137749554, 0.6693231200103206, 0.6409251685485695, 0.6318746757702997]"
4,"[1.0059880018234253, 1.0059876441955566, 1.0059878826141357, 1.004551351985546, 0.9898990723821852, 0.8825242744100215, 0.9007620831420927, 0.8874949543373754, 0.852764872646693, 0.7954606000492067, 0.7560553397162996, 0.7369794652272355, 0.7223706425289915, 0.7140471826809826, 0.702800968519666, 0.6944769403007296, 0.6853555048625879, 0.679703015474358, 0.6724915058609813, 0.663124211532901]","[1.0059880018234253, 1.005987548828125, 1.0054656693309245, 0.9965826763829799, 0.8943993587806971, 0.9614816956929486, 0.9190570347417485, 0.9150495493773259, 0.8246409820547007, 0.8144183183468954, 0.7804746438397302, 0.7741557235007335, 0.7536951764153712, 0.7421556377636663, 0.7195597729658839, 0.7090198909242947, 0.7073547190638504, 0.676208975342187, 0.6834413739782993, 0.6585412103419352]","[1.0059881210327148, 1.0059485944593796, 1.0059693650765853, 1.0039437348553628, 0.9976926524530757, 0.8321437771723728, 0.9143356734393823, 0.905286783238854, 0.8464002191312987, 0.8023051067343866, 0.7480870981183317, 0.7218338424102827, 0.6734331144241974, 0.6889224583512605, 0.6629752320201711, 0.6192054995578347, 0.6300677229388796, 0.6267659076054891, 0.6189603195437278, 0.6223092068882302]","[1.0059880018234253, 1.0059746241569518, 1.0028134779496627, 1.0018178324627154, 0.8412251167104702, 0.9883066630122638, 0.848774283152036, 0.8620241827555377, 0.8263753213575392, 0.8188105388136223, 0.7960837809545825, 0.7529461385505368, 0.7659622571654994, 0.7399032260251768, 0.7262738178775768, 0.7053776776339069, 0.6742302158264198, 0.6779411454092372, 0.6511621983213858, 0.6330458568126867]","[1.0059880018234253, 1.00598788022995, 1.002496941330457, 1.0003240371472908, 0.9661351439928768, 0.968338523711821, 0.9378109946034171, 0.8473351337090888, 0.8197531818229743, 0.7374383627149191, 0.6690246157182588, 0.6703518707809424, 0.6710839784039994, 0.6742214052966147, 0.6814597896418788, 0.6918073361765856, 0.6942389270422434, 0.6848539384717893, 0.6730759815043873, 0.6809731966874214]","[1.0059879981387745, 1.0059293547543613, 0.9919699026719488, 1.0017407407423462, 0.9881593216790093, 1.0018210559300702, 0.9465283907603735, 0.7740116675002406, 0.7696547800031576, 0.771172651734316, 0.7697975577067847, 0.7573399145585118, 0.7357055117475866, 0.7251029404711844, 0.6610311188736949, 0.6687466651261454, 0.6552842096803766, 0.6455999730151109, 0.650003239104543, 0.6360718783811488]","[1.0059880018234253, 1.0059881205269785, 1.0017349090118601, 0.9995020931296879, 0.878025420512816, 0.8877741062701351, 0.9623503568919018, 0.9164948698005291, 0.8405855821900897, 0.777127440948077, 0.7505411397116353, 0.7063871117613533, 0.6967111063891589, 0.6959751740745221, 0.6873164134284463, 0.6944990962533035, 0.6565974104554966, 0.6348523890520588, 0.6398765621642873, 0.6405040280039263]","[1.0059880040149496, 1.0059881210327148, 0.9934732479398901, 0.9789452370128247, 0.9738389612869783, 0.9754546168717471, 0.8851857014737948, 0.8896983182038923, 0.8464048533126561, 0.7786439786143977, 0.7638498034320697, 0.7347279521807878, 0.7076388638489174, 0.7092427400898452, 0.6902721231062002, 0.6976760902308454, 0.6597163369950622, 0.6778535318705771, 0.6606665848376173, 0.6642803399595949]","[1.0059880018234253, 1.0059882402420044, 0.9994515526776362, 0.9969144933392303, 0.8810555834059763, 0.9665682729627146, 0.9287596068478594, 0.9374738916483792, 0.906658228735129, 0.7652536250936864, 0.7556567670901616, 0.7257997613197024, 0.717878986380317, 0.6882144088651797, 0.6907009204183564, 0.6844608872842909, 0.6581763447023401, 0.6766158696286606, 0.6482770326989468, 0.6502645689550072]","[1.0059880018234253, 1.0058285209626863, 1.0052492163638875, 1.0038285083963414, 0.9252558488075179, 0.996885700520843, 0.9271357442092414, 0.9540807285212507, 0.847659370276061, 0.7991229607405687, 0.7552638232452099, 0.7447643541236116, 0.7279410274582679, 0.7239944570609416, 0.7014508987752476, 0.7051782269429678, 0.6837421064364789, 0.6839264984037539, 0.6926456234431025, 0.6702130798543945]"
5,"[1.0059878826141357, 1.005988000306216, 1.0042945595943567, 1.005439250794324, 0.956006271956545, 0.9862252314042563, 0.9247460272667384, 0.9768685434502785, 0.8698483869644127, 0.8541314528295488, 0.7791015293230914, 0.7628064839045207, 0.7332661760244706, 0.6923117760501125, 0.6771498896738496, 0.6698484859608038, 0.6531396706552819, 0.6423367477456728, 0.6507086169554127, 0.634206720093886]","[1.0059880018234253, 1.005988137216279, 0.9985398808151784, 1.0054202394051985, 1.0028875292912878, 0.9091538788543807, 0.9516239795239285, 0.98326125544129, 0.783232823589986, 0.7342059702885272, 0.710057928065459, 0.693957769887315, 0.7093457513987416, 0.6945965687719861, 0.6753084435667654, 0.6655517602403357, 0.6528104737130078, 0.6501226601922753, 0.6358528043781266, 0.6512322773942442]","[1.0059878826141357, 1.0059699938754842, 1.0059850430488586, 0.9886838729152776, 0.9475933460785885, 0.942265988040452, 0.8870508228076829, 0.8808006186768262, 0.8276177210037154, 0.771857622681242, 0.743122473322984, 0.7022610928344004, 0.6922778100986975, 0.6758869373181251, 0.6807458434035681, 0.6614645642192677, 0.6796789822238263, 0.6626620103253259, 0.6496125358433434, 0.6468567064118506]","[1.0059881210327148, 1.0059881210327148, 1.0052068901062012, 0.9533266605211027, 0.8972519960307112, 0.9405241378389224, 0.9614110546942913, 0.8263300853215083, 0.7438780144895568, 0.7522584098457086, 0.7023383554921607, 0.6882723625651513, 0.6702732558232365, 0.6719387980497846, 0.6640875182443797, 0.6418138384036344, 0.6380829004883164, 0.6228127961282176, 0.6194093042536818, 0.6178397505466986]","[1.0059879737911803, 1.005985930351296, 0.9980737254113862, 1.0056551662117543, 0.9120534988394892, 0.928577429221736, 0.9028000712394715, 0.862676012437753, 0.8511774387714839, 0.8000039048312289, 0.7972921417728819, 0.7777567098056427, 0.7338699044738755, 0.7266631535056866, 0.7047285503269446, 0.6909847055902385, 0.6817531796416851, 0.6725479913826543, 0.6800442092421681, 0.6474002281282887]","[1.0059880018234253, 1.0059673948721453, 1.005797425857698, 0.9946011315030281, 0.8937569114896986, 0.8987177294342205, 0.8428974323922938, 0.9105917925304837, 0.8616804428413661, 0.7904653141745414, 0.7624994105221045, 0.7344106746382183, 0.7077411410062, 0.7086881781888731, 0.6834411483235432, 0.6790193883006019, 0.6597178503374259, 0.6411010889242393, 0.6364462241741142, 0.6270656455782326]","[1.0059881194432576, 1.005969555329795, 1.000382744579604, 0.995642085761735, 0.9608326117318086, 0.9667986063343106, 0.9860164655699875, 0.9432152316847233, 0.8524778945503211, 0.7443580590850777, 0.746246231657387, 0.7472605649058265, 0.7277473576999072, 0.7118955330129224, 0.7037183343129929, 0.6866146679192481, 0.6916855166476182, 0.6956972027156088, 0.6886082152931979, 0.6953076000466492]","[1.005988041174532, 1.005968321405276, 0.9945675494935777, 0.99386023329966, 0.9820858231337384, 0.9856648515691661, 0.9232441366320908, 0.8765706044134468, 0.7715500190989538, 0.7693028552438875, 0.7548302420612537, 0.7268810322670022, 0.7149327256432687, 0.6933095428934603, 0.6814123044727427, 0.6682634830399595, 0.6667858755076774, 0.6629645387045663, 0.6350173710572599, 0.6430762704755321]","[1.0059880018234253, 1.0059875485632155, 1.0056738727502148, 1.0004500865936279, 0.9403457401978849, 0.938129258059492, 0.9098040631082323, 0.8897049417941257, 0.7150522474417783, 0.7262725755436854, 0.7321125807033645, 0.7482934969648568, 0.709262263157753, 0.7025805205769009, 0.6892441429513874, 0.6640265278954699, 0.6387181790308519, 0.646890060912178, 0.6286199094415313, 0.6326863437680283]","[1.0059880043521072, 1.0059877634048462, 1.005894704178126, 0.9987301299547908, 0.9995152608312742, 0.9971082748547949, 0.9085428432141892, 0.91781785311723, 0.8478044481635696, 0.7067527657815001, 0.7052682464983728, 0.6880804659968073, 0.7053128547800912, 0.6982688246276042, 0.6904166310649328, 0.6901497718676775, 0.667750029116869, 0.6529787772502562, 0.6605687133200241, 0.6579697832164139]"
6,"[1.0059878836978566, 1.0059881210327148, 1.0059880309393912, 1.0058149343066745, 0.9261288423459939, 0.9429559129717374, 0.8736772945944709, 0.8807016398509343, 0.8509859091163886, 0.8185636985452488, 0.7782348691077545, 0.7508063897821639, 0.7335540691349242, 0.70572043174144, 0.7001234668673891, 0.6633993568926146, 0.6611070801091916, 0.6610172022999538, 0.63140243660922, 0.6351935583172422]","[1.0059880018234253, 1.0059698112083204, 1.005210184761972, 0.918424660680872, 0.963478251454806, 0.9911945230431027, 0.8989644024468432, 0.9289689579756573, 0.922123518875151, 0.833721600822126, 0.7980383916515292, 0.7752162704819983, 0.7626786111611309, 0.747736762917102, 0.7338676257145526, 0.7300184319476889, 0.7066976402865516, 0.702080029982208, 0.6766430201840521, 0.6837506500006926]","[1.0059880018234253, 1.0059836415811019, 1.0023128835360209, 0.9377407067713112, 0.9941961164004876, 0.9359535167915652, 0.961652277756219, 0.8874703246054023, 0.8172554947300391, 0.8134985175247145, 0.8140915290966179, 0.7908508777106651, 0.744502379678265, 0.7291028326238045, 0.7210028060834215, 0.7078891121573521, 0.7010938480511458, 0.7044238172215644, 0.6927928568467949, 0.6699941833106556]","[1.0059878826141357, 1.0059880018234253, 1.0031937366302568, 1.0052791821595395, 0.8764374668670423, 0.9147816342235816, 0.8410113997140316, 0.8490133173944372, 0.7614388023753359, 0.7148156599775709, 0.7000013692360936, 0.7025741974527787, 0.6891520980948752, 0.6851814695876656, 0.665026145238768, 0.6811117580066426, 0.6741446440298148, 0.6659221646024122, 0.6572016919140864, 0.6598141319793884]","[1.0059880018234253, 1.0059878826141357, 0.9923342171702723, 0.9829494593480621, 0.9752889340212851, 0.9980629880620976, 0.8885476020430073, 0.8810364285924218, 0.840142950924358, 0.7519353119712887, 0.7407673152588835, 0.6842170795753146, 0.6695620236658689, 0.6591688191981027, 0.6408138587649422, 0.6363284686448598, 0.6121387035091116, 0.6097580598821544, 0.6008054298644114, 0.6027621067729261]","[1.0059880018234253, 1.005988137216279, 1.0059581598368559, 1.0013352622648681, 0.9882399736510383, 0.9570070213440692, 0.9223374342105606, 0.9148896786781272, 0.85515679583405, 0.7721714453775473, 0.7513827672420126, 0.7256620101886566, 0.7309953821141912, 0.70364635159873, 0.6917552539089111, 0.7132512922901095, 0.7031004193906832, 0.6878860126119671, 0.6666239285107814, 0.6635332702175535]","[1.005988014683579, 1.0059027468796933, 1.0014590002912465, 0.9921440412901869, 1.0023619853727745, 1.001047286541775, 0.9565641057310682, 0.9130258976209044, 0.779298746497041, 0.7399792202750239, 0.6999280525096739, 0.7008900707794561, 0.7061810826683286, 0.7185949065257805, 0.7224451710930978, 0.6964720046475078, 0.6975452060801814, 0.6943660646225467, 0.7000221895720019, 0.6785630050000518]","[1.0059878826141357, 1.0059878826141357, 1.001564802834482, 0.9828305469016836, 0.9303428143262863, 0.9570001391389154, 0.9812926354914, 0.8713102749742643, 0.8284380754045766, 0.7730980168237831, 0.7482593676929522, 0.7416857458304877, 0.7326472653915184, 0.7108135098986553, 0.7085058117725632, 0.6957592255298537, 0.6729831207957533, 0.6743744358194597, 0.6709445663323306, 0.6831191090787903]","[1.0059880018234253, 1.0058408774992433, 1.004129938356804, 0.9974255401197106, 0.9323759823224761, 0.91024006674085, 0.9634727143278026, 0.96357326333872, 0.8691037717296017, 0.8125471031394872, 0.7341880952077683, 0.6982786341839367, 0.6738567303768312, 0.6338116427879743, 0.6284598055045412, 0.6156514642229586, 0.6048962627712524, 0.5918829598089661, 0.5921175659876882, 0.5837518163025379]","[1.0059878826141357, 1.0059355143826416, 1.0048002647871923, 0.9965837997499138, 0.9805544169322409, 0.9682016679373654, 0.9106976452620342, 0.8998514056807817, 0.8398351979075056, 0.8015465038804093, 0.7728438799835817, 0.7441227531071866, 0.6951989680935036, 0.7169384471500161, 0.6858958282118494, 0.6592106901891905, 0.6556514592814927, 0.641792520879194, 0.6274865941176511, 0.6259844512439737]"
7,"[1.0059878826141357, 1.0059878826141357, 1.0059876150795908, 0.9953673486637347, 0.9923049647880323, 0.7820590325136377, 0.8226804354485839, 0.906317317052321, 0.8194339203021743, 0.729605218160032, 0.7049434362261584, 0.6335985108156397, 0.6342505619915748, 0.6167578957719032, 0.6234452926405151, 0.5978736037633033, 0.5997177132497532, 0.5788140355306443, 0.5934748089298455, 0.5794694006909625]","[1.0059879829666831, 1.0059878826141357, 1.0045695854196646, 1.005117057092262, 0.9181490707788804, 0.9181720682286253, 0.8705462065489605, 0.87778488000535, 0.7821508007910517, 0.7724426902544619, 0.7645421889890927, 0.7676324578908958, 0.7493829269902875, 0.7360124864466865, 0.7162192735241519, 0.7261885177788109, 0.7131276769589896, 0.7159968022625856, 0.7006541589655058, 0.698387735982736]","[1.0059880018234253, 1.0059881210327148, 1.004034702055382, 0.998276283235261, 0.9475402970958238, 0.9126939374629898, 0.9006658095934175, 0.9217524003621304, 0.9045789741927928, 0.8128590991701743, 0.7732300049608404, 0.7290854240652889, 0.7166265196496188, 0.7004954797481046, 0.6896731101864516, 0.6879175650591802, 0.6789808328043331, 0.6568388858618158, 0.6451220332462378, 0.64490117875163]","[1.0059879990539164, 1.005987494353092, 1.0059877428141508, 0.9925591496024468, 0.9766527159647508, 0.9961878633017491, 0.9026441042712241, 0.8786910000473562, 0.8403214663718686, 0.8101545687862719, 0.7988909070991507, 0.7722437989952589, 0.7610716864391409, 0.7617926230213858, 0.7392195605298485, 0.7277374841197572, 0.7171288192181876, 0.7172818630527367, 0.7069056345401991, 0.67814326542646]","[1.0059880018234253, 1.0059878826141357, 1.0046975915841383, 1.0048864326091729, 0.9541404997820806, 1.005223239166568, 0.9407710180499337, 0.9306835655792796, 0.883155795904723, 0.854270847305806, 0.7880719416249882, 0.7282361791471038, 0.7146804954668489, 0.6991440509620941, 0.6906304835279783, 0.6862904001411163, 0.6903049393735751, 0.6509144283274207, 0.6198486856047554, 0.6485406351887216]","[1.0059880018234253, 1.0059876441955566, 1.005988002690402, 0.9914142637300973, 0.8384909006290966, 0.9997787359025744, 0.9116809204190669, 0.9706466924000268, 0.8799273253299973, 0.7801552244689729, 0.7665365850654515, 0.752405742074203, 0.7421136961561261, 0.7490241576761308, 0.7099122259081012, 0.7072679934026015, 0.6950611872353939, 0.7008018540583476, 0.6880999562851708, 0.6678350422614151]","[1.0059880018234253, 1.005987589166622, 1.0059880018234253, 0.8849190046299588, 0.9340907617289611, 0.9600672849019368, 0.9520635768680862, 0.8904598451112256, 0.8428327447936089, 0.8009552232394315, 0.7453154006464915, 0.6975952701225425, 0.6864153968204152, 0.6641009062016853, 0.6677782404934517, 0.6493597005292623, 0.6445524785931063, 0.6397803891051297, 0.6299316117483558, 0.6318383713202043]","[1.0059879711180022, 1.0059881147471341, 1.004894038402673, 0.9781521307699608, 0.9952794432038009, 0.9833845067024231, 0.9290219550000297, 0.8602193089536946, 0.8160866389498868, 0.7818558981668468, 0.7797181173346259, 0.7613034096254845, 0.7610686037712024, 0.7523676151383405, 0.7264620854472271, 0.6927540117908608, 0.6961573521205873, 0.6874226974131483, 0.6780253990747109, 0.6647287847733859]","[1.0059880018234253, 1.0059880018234253, 1.0017071961152433, 0.9914695983101623, 0.8821955412596163, 0.909482136928674, 0.9510593208459893, 0.936235409312778, 0.869596447342574, 0.8336068456492038, 0.8174370660068411, 0.7817532061085557, 0.7686474010197804, 0.7532815948610354, 0.7576520355994051, 0.7400406246278624, 0.7281184385280417, 0.723512751869481, 0.7010429870374877, 0.6998567342637765]","[1.0059880018234253, 1.0059878812895882, 1.0055092049849155, 0.9340387986404727, 0.9464928885060128, 1.0053682293795576, 0.9721255141857899, 0.8171805773419564, 0.7332079193944281, 0.702481045871973, 0.671800024887227, 0.659114614793598, 0.6499593761472992, 0.64717756075841, 0.6329587096863925, 0.6442273881113288, 0.637974255968525, 0.6153392590732888, 0.623789042460196, 0.6128258564255454]"
8,"[1.0059880018234253, 1.0059878826141357, 1.0059877635493424, 1.0006106205540475, 0.8352301228136727, 0.9805592671428064, 0.8847437681423294, 0.7457497199436631, 0.7538323921446849, 0.7457573673941872, 0.7578378860833067, 0.7798908440573047, 0.7615997885513788, 0.7594910644491514, 0.7276758957646712, 0.7070522250731787, 0.6947611630564988, 0.6855539166897234, 0.677521962797401, 0.6769985682991418]","[1.0059880018234253, 1.0059878826141357, 1.0036984535178752, 0.9952435569329695, 0.8126757664542006, 0.987667171015884, 0.901981860603949, 0.9061037221882078, 0.8338954862922129, 0.8023465824398127, 0.7813064916266336, 0.746789519987022, 0.7142407941742979, 0.6781920950581329, 0.6589006983541479, 0.660118966549635, 0.6486824465294679, 0.6412068898795229, 0.628645323108543, 0.6372939244650229]","[1.0059881210327148, 1.0059880018234253, 1.0042350316288495, 0.9867116784989232, 0.9701592184497853, 0.9644692182841927, 0.9362764113960844, 0.920498998186203, 0.9089216508829232, 0.7822214467477316, 0.7310447557962904, 0.713677923887065, 0.6922873184235409, 0.6921611231204235, 0.6643365376540507, 0.6591860899660322, 0.653374550468994, 0.6481856576977956, 0.6320410789639661, 0.6430514477584699]","[1.0059880018234253, 1.0059878826141357, 1.0059877635493424, 1.0059511038751314, 0.8590444827802254, 0.9158552432782723, 0.9537780070244664, 0.8372792536419148, 0.7878645819636306, 0.7997690001641861, 0.7518969979671517, 0.7084568274984456, 0.7039888167170563, 0.7048383954152314, 0.6942370319878212, 0.679780118128266, 0.6665458875111859, 0.6670728441771835, 0.6578476837066689, 0.6680523534344904]","[1.0059880018234253, 1.0059878826141357, 1.0055729015668233, 0.9422096914052963, 0.9257036277230339, 0.9618016124132908, 0.9163942876909719, 0.9057626068050211, 0.8708740107128115, 0.8506199466098439, 0.7870499061725357, 0.7621124430933987, 0.7435636602477594, 0.7475335406504496, 0.7520702854581554, 0.7429805904506432, 0.7419871532826713, 0.7336368655737, 0.7194067669426552, 0.6908591565835958]","[1.005988005219084, 1.0059853543898072, 1.005573420307853, 0.9854511717654237, 0.8651423569460108, 0.8887611158869483, 0.9583474234770043, 0.9496372367155672, 0.8604741375614898, 0.8874819624122947, 0.8814935871446976, 0.8534147652020359, 0.8199386249407373, 0.7707416378789478, 0.7500851644620751, 0.7455374822411874, 0.7186240167810459, 0.7213908168763825, 0.7060216250925353, 0.6988139675602768]","[1.0059880018234253, 1.005988142707131, 1.0058686884966763, 0.9483788465761175, 0.8684537827667563, 0.8387930699911984, 0.9256482529399371, 0.9307005192655505, 0.8423922218999478, 0.7560827902155091, 0.7467158809755787, 0.7472840175935717, 0.7235545218352115, 0.7244162458843655, 0.7158370216266073, 0.6992877436406685, 0.6968441359187015, 0.6874812468765962, 0.670551960788893, 0.6730113105159817]","[1.0059880018234253, 1.0059845686199689, 1.0053712028204793, 1.0051681084103055, 0.9717638871344653, 0.9363969473706352, 0.9443002423523652, 0.8573335617359239, 0.7973856765483365, 0.736937035343638, 0.7271196532911725, 0.7115938389504498, 0.6747766477644744, 0.6701489725859479, 0.640526342286606, 0.6267128948581339, 0.6242763476299517, 0.6176551553817711, 0.615632179566104, 0.6014130116848633]","[1.0059880018234253, 1.0059878826141357, 1.005936278237237, 0.9991528435186906, 0.9594860714252549, 0.8803727424204951, 0.9803489810288555, 0.8421800479322973, 0.7817982062185653, 0.7914531660983056, 0.7576614912140249, 0.7487631937936701, 0.737671273335664, 0.7069487496608435, 0.697484421797774, 0.68081722474911, 0.6681865523108328, 0.6601141862541137, 0.6488110980120572, 0.6348202715166892]","[1.0059880018234253, 1.005976996180987, 1.0047613619794749, 1.002598238870351, 0.9672121324623474, 0.9115556855033142, 0.9514304200537277, 0.9243215358197087, 0.8881205593666645, 0.8012932707640258, 0.7549196043723461, 0.7197599372132258, 0.6860759355775033, 0.675628697801419, 0.6592621845262822, 0.6525576245438571, 0.6640661388816256, 0.6637993440333039, 0.6646491767420913, 0.6490406846879708]"
9,"[1.0059880026181538, 1.0059880018234253, 1.005979685566642, 1.004352517982926, 0.9148664940336738, 0.9030950791035036, 0.9003932280793334, 0.8924974917989187, 0.8020659685240249, 0.7176456875339, 0.6952115190375333, 0.7030815192093753, 0.6876100278141523, 0.6818076195786096, 0.6688032487712123, 0.6596648441149731, 0.6553296880032679, 0.6468202607514281, 0.6417835413205503, 0.6285655840855054]","[1.0059878826141357, 1.0059879685893203, 1.0045597723999409, 1.0044304897086789, 0.7986712887762772, 0.8939243239043939, 0.8258966108885678, 0.9320903281190178, 0.8792753714142424, 0.8298253768712583, 0.8209228121752691, 0.7940063627636191, 0.7788681506463374, 0.7749291355110178, 0.7515011468379185, 0.7237766746175711, 0.732650981542438, 0.7117250515535625, 0.7101965955772785, 0.699686433969423]","[1.0059881210327148, 1.0059839093805563, 0.975582735971971, 1.0011804154665782, 0.9973475625779894, 0.863986150417665, 0.8340013923608895, 0.8319137834509214, 0.8389017189753176, 0.8578359883602219, 0.8094281758684101, 0.7710721019662992, 0.7645954387236124, 0.7401278903809461, 0.7302314703241743, 0.7009570559317415, 0.6905040450936014, 0.6954904895614494, 0.6840497447459987, 0.6729655711111998]","[1.0059880018234253, 1.0059546465343898, 1.0015865934256352, 1.0020315358855507, 0.9699857961890673, 0.8011296810525836, 0.9753500400890004, 0.8331651850390915, 0.8312266679394125, 0.795932458425411, 0.7746093025592843, 0.7614557840547176, 0.7596432767341835, 0.7521403604339469, 0.7412471988330586, 0.7285165603669604, 0.7267730043602713, 0.6950777394618048, 0.685258670872209, 0.6876347427566846]","[1.0059880018234253, 1.0059656611596695, 1.0056323490961634, 0.9895966169027367, 0.9416890619348998, 0.9896830095546414, 0.905384982165062, 0.906456479881749, 0.8143773600459099, 0.8094530117587008, 0.7428431097756732, 0.7109296582579011, 0.6825765029800058, 0.6585507823511808, 0.6470644385503097, 0.625374137116502, 0.6136413045393097, 0.616071091745839, 0.6152215312993286, 0.6060952356954415]","[1.0059880018234253, 1.0058465851436962, 0.9986350429178489, 1.0059321342815053, 0.9682166172097427, 0.9326744085791135, 0.8238810730702949, 0.8119544149318126, 0.7789589636328846, 0.7475349781376244, 0.7443585309326046, 0.705863836448301, 0.6879894812028817, 0.6797568231941473, 0.6598840961763353, 0.6508012593936439, 0.6694221219179606, 0.6413506839702828, 0.635765368848136, 0.6324408655425515]","[1.0059880018234253, 1.0059555419045265, 0.994137451997911, 1.0037514332809834, 0.9986220065752666, 0.911308410589141, 0.9525159169567956, 0.8604751618040932, 0.8057046137072823, 0.7618385933279389, 0.739109879086415, 0.7360327247417334, 0.7357862874203258, 0.7211770307942472, 0.7055205700283099, 0.6926126218639841, 0.6775934184575924, 0.6652797649484692, 0.6685958749131121, 0.64960355834979]","[1.0059881210327148, 1.0058811425199412, 1.0057682400038748, 0.9977749776960624, 1.003165773502504, 0.9778492054794774, 0.9635891333794353, 0.9533134078016184, 0.7673232175319484, 0.7369554379236216, 0.6944932172966726, 0.7099379930637701, 0.6955313373996754, 0.7102786527002098, 0.6765435689386695, 0.6912244743846282, 0.6766630016026473, 0.6880863124944947, 0.6623665562844036, 0.6445810363313766]","[1.0059881210327148, 1.005987985639861, 1.0032111045567675, 1.0023025072102596, 0.9373138309066946, 0.9296745313478239, 0.8600496591522236, 0.8485126309563416, 0.8424170572739659, 0.8245741062362989, 0.7705484880025338, 0.7428754171849501, 0.703660499420431, 0.6995672412878937, 0.68519600396355, 0.6678927144874828, 0.6535794616197095, 0.6488279523482227, 0.6429246069114618, 0.6374210856102331]","[1.0059878826141357, 1.0059682659910183, 0.9896903036339114, 0.988516358992066, 0.8866907927905671, 0.9936208514492921, 0.8594065788719389, 0.8913383720679716, 0.8561835343006885, 0.7803394650163674, 0.7183305936329293, 0.6988715088984581, 0.6686613787093548, 0.6701127737896009, 0.6433390845704561, 0.6308996324180954, 0.6213287844516412, 0.6178608605626857, 0.6186250639654169, 0.5975948740873072]"
10,"[1.0059880018234253, 1.005986943244934, 0.9351199871000617, 0.9969140531679597, 0.9488918595994362, 0.9227368045094038, 0.9194047933696496, 0.8392371311813894, 0.8050177247024546, 0.7795633666473205, 0.7441048821656391, 0.7191684998466511, 0.7040865022169821, 0.6674099658339313, 0.6516363221421988, 0.6430122791908004, 0.6289479963737304, 0.6247143044751702, 0.6230219320441135, 0.6127637280433467]","[1.0059878826141357, 1.0059878942942377, 1.0059877634048462, 0.9814479603249617, 0.9017618510548514, 0.8844435619705855, 0.8394907537253216, 0.7930858345976983, 0.7460556635621822, 0.7247340660564827, 0.7011779142404445, 0.7112018141391302, 0.6819874225331075, 0.6688756603100384, 0.6631900170129357, 0.6443387809440945, 0.6473590382000413, 0.6449455833028663, 0.615707024585719, 0.6057329261528723]","[1.0059880018234253, 1.005987524986267, 1.0054742487271626, 1.0037653083151037, 0.9740935831088008, 0.8203285159577023, 0.8395881685674793, 0.9123641067201441, 0.8468235866740497, 0.8082795726771307, 0.79325256901558, 0.7789123419378743, 0.7680172926759479, 0.7757607599716596, 0.7568736020814288, 0.7276014115804373, 0.729924834801091, 0.7049291785166721, 0.6966493078434106, 0.6715204173431855]","[1.0059881210327148, 1.005988109111786, 1.005887187538725, 0.9745034249262376, 0.8866574391707628, 0.986119967771299, 0.8800007940482611, 0.9037891722267324, 0.8154656522457647, 0.7457433394485652, 0.8098998717135854, 0.796784082145402, 0.7691595973315263, 0.7630612428666967, 0.7464800064386141, 0.7281916791050121, 0.7197282760959081, 0.7027172877029939, 0.6916580780708429, 0.6908898348112901]","[1.0059880018234253, 1.0059766251149804, 1.0058474803693367, 0.983869466089239, 1.0003129229762338, 0.9843194336060321, 0.9839288932446277, 0.9118689330418904, 0.8612224276439108, 0.8332066244579325, 0.7970808520130437, 0.7363014218053131, 0.7347573757758646, 0.693158790220817, 0.6950851398872004, 0.6881276648965748, 0.6999033244646559, 0.6713228539354873, 0.6742132619655493, 0.6616187379862924]","[1.0059880018234253, 1.0059878826141357, 1.005832913114567, 1.002554673040756, 0.9188011367302953, 0.9789770083114354, 0.9645920366590673, 0.9083711864851942, 0.8814759302018869, 0.7734934701522191, 0.7289573064250777, 0.7157810914215416, 0.6766285255867424, 0.6742692042044317, 0.6562514957574883, 0.6514558473726114, 0.6268796977731916, 0.6203395885831178, 0.6266039716836178, 0.6155288003806514]","[1.0059880018234253, 1.0059877586364747, 0.9875594467827769, 1.0047601381335596, 0.7292045470515285, 0.8416450008328515, 0.9098220315093946, 0.820331582150074, 0.7919930854379529, 0.7701992423395918, 0.746316648085009, 0.7581437622085966, 0.7443648015098139, 0.7292628780398706, 0.709065715458357, 0.7000439093901654, 0.7094331021953111, 0.6786841602909445, 0.663059875332948, 0.6650601315046801]","[1.00598788480566, 1.0059506136239178, 1.0059878826141357, 0.994339440362622, 0.8575355767059808, 0.7792398392040321, 0.8559791595285589, 0.8851795945143459, 0.8626582650042544, 0.7704711515975721, 0.7672524147503303, 0.7690702804441404, 0.7397899439705141, 0.7450129424833288, 0.6969077307572871, 0.6885501250052692, 0.6847060523264938, 0.6716592763529884, 0.6825894930913593, 0.6601663407532856]","[1.0059880018234253, 1.0059880018234253, 1.005898179598529, 0.9948472461315117, 0.9110526615411344, 0.965203264638631, 0.8814658290087575, 0.8549631859166453, 0.7508677998960319, 0.7296962029569679, 0.7177996176707022, 0.7301021961100174, 0.7383719151218732, 0.7219251022134164, 0.7333881808712025, 0.720642891667708, 0.7140632628100086, 0.7101888387221279, 0.6932833343473348, 0.6924159332086341]","[1.0059880018234253, 1.0059877634048462, 1.0056996863297742, 0.9417527612050375, 0.9265221958569806, 0.8936650756633643, 0.8838839945407829, 0.9205801002124343, 0.8476533048652639, 0.779766386045952, 0.7565707021695797, 0.7547019795667042, 0.7182548014322917, 0.7127761125082922, 0.6809131336603502, 0.6746895952424918, 0.6551666814766147, 0.6260030902402871, 0.6274562364891924, 0.6064356933699714]"
11,"[1.0059880018234253, 1.0059594698626586, 1.0059880018234253, 0.9980981553684581, 0.8470690748848096, 0.9402911867397, 0.9427272673748961, 0.8985410420129998, 0.8264759976544765, 0.8287639340216463, 0.821029794986802, 0.7948171656225065, 0.7434646422513808, 0.7314775729164331, 0.713557680377906, 0.6796586182412475, 0.653187735161998, 0.6511062965790431, 0.6188421687453685, 0.6234666910014971]","[1.0059879484321133, 1.0059059755729907, 0.9939441990129876, 0.9926820768370773, 0.9584086973528669, 0.973130326162685, 0.8411020568254018, 0.8784376040733222, 0.8762599296822693, 0.880055598086781, 0.8089986193180084, 0.7542289916102333, 0.7485430354466944, 0.7228563437964579, 0.7030020988303604, 0.6793344055673088, 0.6852446786667964, 0.6703514911821394, 0.6463129022852941, 0.6444500931088972]","[1.0059880018234253, 1.0059766720280503, 1.0059882153405084, 1.0045590683185692, 0.9529013143585185, 0.9864504677839954, 0.9323046165945554, 0.8750789960586663, 0.862406388731918, 0.8313513283777718, 0.7716476908175632, 0.743536123564147, 0.6963680771309319, 0.7163565940447528, 0.6883544445007739, 0.6645195118661481, 0.6576482343342569, 0.6468295667147396, 0.6343205857246813, 0.629056958482422]","[1.0059880018234253, 1.0059879970791363, 0.9853479137565151, 1.003822839633383, 0.9644987662753673, 0.9731364516236566, 0.8999055977602197, 0.9211744470969595, 0.8682266179419527, 0.8557135829645576, 0.8116098933749729, 0.7715578271523871, 0.7441912172268136, 0.7487420835669595, 0.7230498020064952, 0.7427121920085916, 0.7183213631101328, 0.7296111652977539, 0.6945719549481315, 0.6867062341700299]","[1.0059880018234253, 1.0059877633325982, 1.0059878826141357, 0.8916916473285116, 0.8555268693391723, 0.9529297770394219, 0.9328568020794127, 0.9218946772151523, 0.882608004091966, 0.8588955191259432, 0.7898793535897828, 0.7722255252617778, 0.7616362833404782, 0.7475250106748909, 0.7382556028408234, 0.7180124386813905, 0.6978020018399363, 0.6883220266061599, 0.6747734218730469, 0.6465847544597857]","[1.0059880018234253, 1.0059066049980394, 1.003904262769102, 0.9477543746341358, 0.9817998053449573, 0.9895565831902051, 0.8204020177445026, 0.7311063718238864, 0.8191364108161493, 0.8359404368924372, 0.7894989925592837, 0.7655770759781202, 0.7502046317223346, 0.7108799063436912, 0.7053000837052711, 0.6914196608960629, 0.6971420115864638, 0.6956043507384532, 0.680233746049079, 0.689815968040264]","[1.0059881210327148, 1.005987524986267, 0.9912899402416113, 0.9814737413507519, 0.9617834782841229, 0.9851796389408786, 0.8562942378508924, 0.8693658745559779, 0.8072511604217568, 0.7718267703327266, 0.7470590414543344, 0.7295555951167839, 0.7067729863494333, 0.6991230926459486, 0.6906945631344511, 0.6838151310971289, 0.6743056017130312, 0.6634382799869836, 0.6606917583415605, 0.6558528155931319]","[1.0059880018234253, 1.0059877494609717, 1.0039443032910125, 1.0032407555194816, 0.9948922203405939, 0.9698515877097544, 0.8916845103767184, 0.9314583299737988, 0.8638441005845865, 0.719291700469424, 0.7021878938602679, 0.6986798779049305, 0.6798990983087005, 0.6595088599968438, 0.6663273723288016, 0.6490161001290938, 0.6335416041600583, 0.6331013533653636, 0.6394167282575308, 0.6348808961745465]","[1.0059880018234253, 1.0059881210327148, 1.0020589430886087, 1.0052716348990045, 0.9544433884488212, 0.8720796400067782, 0.8631877213987437, 0.9402493626059908, 0.861740104595218, 0.818151352027751, 0.7510293742532682, 0.7083946251477858, 0.7167605295837528, 0.6994464911535533, 0.6870569896908721, 0.6883470084420358, 0.6469688895299579, 0.6241419979418167, 0.6320307430956099, 0.6240850028771945]","[1.0059881210327148, 1.00598692804876, 1.0059877634048462, 1.0026421535617174, 0.8073756746300543, 0.9380510902976749, 0.8654272867453219, 0.8820222259621427, 0.8115046300009043, 0.7889049555918183, 0.7330352222942041, 0.7026750989596952, 0.6777359618366968, 0.6721029254478036, 0.6532250481753639, 0.64688949137023, 0.6377100758435148, 0.6257611079920422, 0.6250991076088012, 0.6171254775093662]"
12,"[1.0059880018234253, 1.0059287289898804, 0.9817303528930201, 0.9683575967345575, 0.9949383252919323, 0.9121184882250699, 0.907980918890298, 0.9335296376636534, 0.8221469292104846, 0.7769242078698043, 0.743672127895283, 0.6873007163977383, 0.6647366767098205, 0.6671778455286315, 0.657790978237836, 0.6427280283621465, 0.6467003665458072, 0.6512340941588686, 0.632985215888481, 0.6325128785136974]","[1.0059880018234253, 1.0059739863029633, 0.999678490487012, 1.005536165598667, 0.979442118183531, 0.9561908109982808, 0.9482115997208489, 0.8718739637401369, 0.8651436717462058, 0.8644895884229077, 0.7928371262971801, 0.8094244980044437, 0.7711167771963761, 0.7466433037922839, 0.7245064992886601, 0.6961486614563248, 0.6704844247903486, 0.6666732281627077, 0.6616947555993542, 0.6606461892811337]","[1.0059880018234253, 1.0059878897666932, 1.003479448171577, 1.0046823361305275, 0.9901787456960389, 0.9759691722465283, 0.948304226765729, 0.8411673804545643, 0.7860765477849377, 0.7641248307143799, 0.7488531864411904, 0.723102829210987, 0.7096782386874911, 0.691044163959797, 0.7035067221401918, 0.6949593491355578, 0.678754169667008, 0.6795487371809554, 0.6589816417627864, 0.655825423854168]","[1.0059880018234253, 1.0059693889184431, 0.9973418949348758, 0.9985617857870429, 0.9160991064948265, 0.985060578090976, 0.9414380637985287, 0.8607707229226527, 0.7611397171201127, 0.730138836083087, 0.7180844847797745, 0.7074441490073998, 0.6997177205257343, 0.6875023555785719, 0.6770618518223667, 0.6714938932476622, 0.6667904668489489, 0.6747988203574311, 0.6413857297779936, 0.6327359760229033]","[1.0059878826141357, 1.0057712157085688, 0.9988131192958716, 1.0007706051161795, 0.8323810172652958, 0.8072499962256412, 0.9315333372053474, 0.920400525975709, 0.7968180990444892, 0.7267778748424366, 0.7331870573834337, 0.7101261253158252, 0.7073797459704707, 0.7033127342751532, 0.6950216089715862, 0.6901657898934802, 0.6575132424482192, 0.6631749166917018, 0.6416838615997271, 0.6415581402212682]","[1.0059880018234253, 1.0059765347808298, 1.0014551392709365, 1.003336561195778, 0.8739649027330105, 0.9488454925532293, 0.9011944179101424, 0.8819967917330337, 0.826312362792516, 0.7470151555779004, 0.7302304158096362, 0.7075681837595472, 0.7034155257317153, 0.6911220358959352, 0.6853968527025045, 0.689139125539799, 0.6907795381425607, 0.6659037113099388, 0.6599793186723584, 0.6729718390739325]","[1.0059881210327148, 1.0059881215384512, 1.0059878826141357, 0.9932860343263606, 0.9906152318222354, 0.9560985632857891, 0.9544431231298832, 0.9438571151519063, 0.861178506552571, 0.7792982102734874, 0.7411972886519601, 0.7202971598159785, 0.7032090032025419, 0.7014884737600582, 0.6782494519470316, 0.6781701164685114, 0.6760180220609964, 0.6629313958503983, 0.6557729803206342, 0.6520442752976611]","[1.0059880018234253, 1.0059878826141357, 0.9754038385791008, 1.0035194198531334, 0.9989663040156316, 0.9918512761592865, 0.9788040836411294, 0.873835501550424, 0.8029907433553175, 0.7466117329669721, 0.6906590994146437, 0.6919570562875632, 0.6807394722886759, 0.6901348877494985, 0.677636029420778, 0.6758306988351273, 0.663929012011398, 0.6635446699610864, 0.6497452108321166, 0.6667696347351026]","[1.0059880018234253, 1.0059879530800713, 1.0032408458536322, 0.9981277541801183, 0.9660857581520321, 0.9676527306166562, 0.9629914887505349, 0.9563969512479474, 0.8396143537549058, 0.7833781198690636, 0.7702538894162033, 0.7645232988818728, 0.7379692288224745, 0.7401961989776052, 0.6944526807105903, 0.6866778372047525, 0.6918418185126902, 0.6326071026078378, 0.6359175991966869, 0.6392336449478612]","[1.0059880018234253, 1.00598363905242, 1.0025382275292367, 0.8745052719326935, 0.9097026719378702, 0.7593197966886289, 0.8794818842742178, 0.926501889921198, 0.8816856478440641, 0.8097067536007274, 0.7819821473248679, 0.7673086383261464, 0.7519639641528177, 0.7348202466121828, 0.713140183551745, 0.6841241949224713, 0.6703525499021165, 0.6753277945097047, 0.6782846147514353, 0.6496922818021943]"
13,"[1.0059878826141357, 1.0059589318554811, 1.0057750939359569, 0.9979889884139552, 0.9375256331430541, 1.0038614298598936, 0.944709692272273, 0.9456253893236921, 0.9318846442001034, 0.8258249811128233, 0.8293611359829554, 0.8341019538300808, 0.7772157392658369, 0.7680466190552471, 0.7506800121957004, 0.7360855423094649, 0.7330650571665981, 0.7360109637150861, 0.7178523534837395, 0.707906048746422]","[1.0059880018234253, 1.0059672681972234, 1.0053651651950797, 1.0044400723173161, 0.9302142527699471, 0.9836432941273006, 0.9300330236223009, 0.917410837165033, 0.8942130583283877, 0.782509876388793, 0.7466574606510124, 0.7055301482072383, 0.7115967492894693, 0.7010973892037314, 0.700912755369538, 0.6962468959526582, 0.6774715941015518, 0.6802902952258033, 0.6684420513248804, 0.670843170923416]","[1.0059880018234253, 1.0059878826141357, 1.0059703671089326, 1.000292509047672, 0.9490491722569321, 0.9104107316696283, 0.8950958717411215, 0.9482222242728628, 0.8835921097584445, 0.837168410969804, 0.815853789016755, 0.787375812166267, 0.7442741055696299, 0.7227498396719345, 0.6999247931094482, 0.6835925990945161, 0.672465865755021, 0.6615700645443767, 0.6381906765864955, 0.6456944582423176]","[1.0059878826141357, 1.0059878826141357, 1.0059814143903327, 0.9777479032073358, 0.9300729813720241, 0.9742172012666259, 1.00073923336135, 0.927787993770055, 0.7743506640557087, 0.8193493631105833, 0.7808507869099126, 0.7370056446874984, 0.7092111587343793, 0.7024550212799299, 0.6922073924210337, 0.6785764048286158, 0.6930185985354462, 0.6858584440296347, 0.6836077536838223, 0.6795721624445433]","[1.0059881210327148, 1.0059664985868666, 1.0059693408012391, 1.0056087298104257, 0.7839634005379195, 0.9720876473790467, 0.9210915853820666, 0.9401804707327275, 0.8940670327104704, 0.7957648830477035, 0.7629128531359061, 0.7170522688344272, 0.7245553620415505, 0.7049050007655163, 0.6905813606098444, 0.6785300116722632, 0.6511961722750255, 0.6522146152561963, 0.6544673973653051, 0.6514042346299899]","[1.0059880957458958, 1.0059659828080072, 1.0059878824696395, 0.9880616426257172, 0.8617892556931033, 0.9156982630972911, 0.9132844361030694, 0.880109422989566, 0.882816741069158, 0.8852679749119161, 0.8518274443604127, 0.7865409734604335, 0.761982435499779, 0.7531848719324729, 0.702907764232821, 0.6826587915029189, 0.666090599403839, 0.6427927654560166, 0.646822372693004, 0.6313826383861026]","[1.0059880018234253, 1.0059342141103262, 1.0057118696636624, 0.9567012273663222, 0.8425001530334203, 0.9394208504033811, 0.8690547961237455, 0.8814493763747842, 0.8520105898380279, 0.8261723703567427, 0.7940950775266897, 0.7372517032409557, 0.7287017818051155, 0.7168981669933507, 0.6846745158626576, 0.6665582808927454, 0.6244665627076168, 0.6341804453986462, 0.6304005907837189, 0.6103573094413738]","[1.0059880018234253, 1.0059862648116218, 1.0059878829753761, 1.0037053559524844, 0.9762036752219152, 0.947141302884227, 0.9126034332104404, 0.8645828884057324, 0.834324961379923, 0.7585857822655728, 0.7407524281996067, 0.7072784498348983, 0.7023176216416889, 0.6816598614177318, 0.6809120097590817, 0.6835836766735471, 0.6694222603632947, 0.6635981849317599, 0.6516929553569567, 0.644887548138698]","[1.0059880018234253, 1.0059880556482257, 0.9986532224308361, 0.9228796748079435, 0.9802601722816024, 0.9781254356918913, 0.9389722826083501, 0.9244773554079461, 0.8259692025575975, 0.8110634123827472, 0.8057241247248168, 0.7836623287833098, 0.7505684097622982, 0.7403123547091629, 0.7445334385786996, 0.7336393696611578, 0.7132180298608963, 0.7045775260211844, 0.6946236884864894, 0.6995552463061881]","[1.0059881210327148, 1.0059878826141357, 1.0057030934035176, 0.9924814663691954, 0.9006161295569907, 1.0009128182102935, 0.9597328113365655, 0.9037425104054537, 0.8344653463905508, 0.7943605847837347, 0.7598338275455465, 0.749380976614928, 0.7439981193885659, 0.7186937585217182, 0.7104375555659785, 0.6985287613760341, 0.7059043579510969, 0.6854493493534097, 0.6546731858286593, 0.6662903301989791]"
14,"[1.0059878826141357, 1.0058970240872316, 1.0052939407271568, 0.9804334527404621, 0.9479830202249565, 0.9464847297499879, 0.9599699868818726, 0.898395792041162, 0.8633799919094702, 0.8135755835006936, 0.8071783485797921, 0.7686243607073722, 0.7550572135773572, 0.7302138358776016, 0.7328720596402583, 0.7079210941598872, 0.7046372028357453, 0.6872608829477821, 0.6879166236519814, 0.6499568953207044]","[1.0059880018234253, 1.0059689093599415, 1.0041046161483032, 0.9865828880637583, 0.9568780742420091, 0.9607686046277634, 0.9801719501283433, 0.941693611211247, 0.833401970995797, 0.6886410082244512, 0.6678065594669544, 0.6799645644622018, 0.6709860821564992, 0.6602110013561417, 0.670775557819641, 0.6786821397416519, 0.6604873329807411, 0.6585089421543208, 0.6533606863247626, 0.6399928770312155]","[1.0059880018234253, 1.00598788381827, 0.9756205536982026, 0.9997416932293863, 0.86203547332624, 0.9754201435199892, 0.9600146142220256, 0.9180462901760833, 0.8421401240970149, 0.8198118795439451, 0.8165005151776954, 0.805468184333859, 0.782974959533624, 0.724601158412418, 0.7172532225648562, 0.7075750800064116, 0.6916917512091724, 0.6788610021634536, 0.667191947957482, 0.6552135090304143]","[1.0059879989335032, 1.0059463564554851, 0.9822285292004094, 0.993302213218477, 0.991909754432813, 0.8800139537664375, 0.9753326583932145, 0.9134861502570636, 0.7286077088268116, 0.7379609772261947, 0.6995923276200439, 0.6953018230290124, 0.7013731969185549, 0.7093551502474631, 0.7123091753865733, 0.7112632963362366, 0.7210340664874424, 0.686724798062233, 0.7026192079589825, 0.678648761089402]","[1.0059880018234253, 1.0059878826141357, 1.0032170379763903, 1.0037350372352984, 1.0006102908500518, 0.9314790121955101, 0.8593678950540947, 0.8616413845558359, 0.8419971280417057, 0.7865478946057834, 0.7387651829391417, 0.7516825472932271, 0.7324704014020736, 0.7313350722253925, 0.7290422958030243, 0.7110757658156481, 0.7075200024006343, 0.679444247151565, 0.6938681901825798, 0.689242916019878]","[1.0059880018234253, 1.0059878826141357, 1.0058570818467574, 0.9772807053724925, 0.9656322986308974, 0.9654252436967811, 0.8831402773718642, 0.8765678648695802, 0.8637362555783205, 0.8215284731050935, 0.8031106553414855, 0.7844477031959428, 0.7891334918984259, 0.782489259938399, 0.7750598414678767, 0.7701497719835754, 0.7706905350480416, 0.7572765834223141, 0.7338257194137332, 0.7541643349555406]","[1.0059880018234253, 1.005987524986267, 1.0052153027418889, 0.9920069853464762, 0.9203810820073792, 0.9132180678633729, 0.8939998619785212, 0.8763063490992845, 0.8560621973240015, 0.8186187053389019, 0.7737539467245641, 0.7679005057281918, 0.7614087747594322, 0.7572291955667915, 0.7609584712199491, 0.7219444888559254, 0.7284071067908797, 0.6932177942464448, 0.6584993825107813, 0.6685378648084823]","[1.0059878826141357, 1.0059877633807635, 1.005967188459454, 1.0025912746877381, 0.8039838583541639, 0.8456002628983873, 0.762891022153575, 0.8972709320952194, 0.791195816927486, 0.7599460029331121, 0.7449338208455027, 0.7505272209659369, 0.7664342575542854, 0.7083657904691768, 0.6908842002773525, 0.6607573815668473, 0.6542081893363384, 0.6419279308030099, 0.6312541767217295, 0.6339094946962415]","[1.0059881058606235, 1.0059683797817038, 1.005894049803416, 1.003048295324499, 0.9787746180187572, 0.9225033156077067, 0.8909783553444978, 0.8346949355650429, 0.8037849229077498, 0.7554995356454993, 0.7271808257984994, 0.6925265234753941, 0.6762440756730961, 0.6423912387393942, 0.6410486284124128, 0.6339079815344979, 0.6342619821068012, 0.5989711014038385, 0.6000321974341918, 0.5838982847784505]","[1.0059880018234253, 1.0059875251307633, 1.0020665191038691, 1.002816078795327, 0.8887624422046874, 0.8822058147372621, 0.9017428774424273, 0.9107803237980062, 0.8380880841763333, 0.7738904440824431, 0.7240045160175574, 0.7256043253041277, 0.7151559303715975, 0.6891753154150163, 0.6821279122386918, 0.6525893395010269, 0.6415627910919262, 0.6340921967378771, 0.63052476675974, 0.6389651500381003]"
15,"[1.0059878826141357, 1.0059848136612863, 1.0019924348893792, 1.0053040476519652, 0.9805399138457848, 0.9598602164514137, 0.9152500693635507, 0.9042710545568755, 0.8836084017759622, 0.7761334007391424, 0.757152441049164, 0.7341484732850634, 0.7077733366657989, 0.7109678807433205, 0.6973018260345315, 0.6917143824094474, 0.6842779047124916, 0.6712215528599541, 0.6661275632528946, 0.6600486502653421]","[1.0059880018234253, 1.0059876478802074, 0.9565963204581328, 0.9526134928970625, 0.9740697860356533, 0.9818598901262187, 0.8480185209771599, 0.8984615130346231, 0.8872352171787108, 0.7762198995129026, 0.7618530408150018, 0.753078597296368, 0.744184284326103, 0.7457309072502334, 0.7449744797671082, 0.7238752388653129, 0.706224844428626, 0.6735460512490585, 0.6672661221223046, 0.6646558936105834]","[1.0059880018234253, 1.0059093399722168, 1.0057189929605734, 0.8954414218302928, 0.9693294588002291, 1.0025071808184036, 0.9631946622903901, 0.930798740970968, 0.8158394286126801, 0.775620252807634, 0.7590842054031715, 0.751844305799465, 0.7370286721623305, 0.7177292018165492, 0.7005680484949338, 0.6894854601720969, 0.666840329385466, 0.661915167335308, 0.6485368769021347, 0.6414371507757842]","[1.0059881210327148, 1.0059469819550562, 0.9897783671966707, 0.9693556083242099, 0.96224285812691, 0.9274574070837762, 0.9135699994515891, 0.9429480306548301, 0.8772885793455021, 0.7458347169693672, 0.7493233186593562, 0.7322004390861651, 0.707079767730802, 0.6933699281287916, 0.6863375649563592, 0.6608560268881947, 0.6609408890463487, 0.6441069894908654, 0.6399262182866082, 0.6351391140710224]","[1.0059880018234253, 1.0059878698503129, 1.0059816522309275, 1.0006146761142847, 0.9664938102466891, 0.9615829534602888, 0.8804007495051682, 0.9079247331980503, 0.8899391587846207, 0.8107254450580086, 0.7934743277713506, 0.7558088878685176, 0.764932268818069, 0.7509175778458816, 0.7514710686197786, 0.7205219506028324, 0.717938903765847, 0.7090843446944097, 0.6905942717028989, 0.7003553867731431]","[1.0059880018234253, 1.0059856523167003, 1.0043678411088808, 1.005715607898404, 0.922262958998632, 0.9592262200935923, 0.9644982147457624, 0.9587705582320089, 0.8831693952673614, 0.8120647511698983, 0.7839169622972758, 0.766931462495616, 0.7585806842765422, 0.7667437528209253, 0.7625379555092917, 0.7671624125645619, 0.7406879770319269, 0.7227142580801791, 0.7135587901117826, 0.7043677636740183]","[1.0059880018234253, 1.0059882402420044, 1.0055534010944944, 0.9961138785848714, 0.8429098397493362, 0.9003214085222495, 0.8283241136266728, 0.8241964541511102, 0.8674935789827747, 0.8034563420562431, 0.7391573327433582, 0.70888941616422, 0.6942680796062706, 0.6893992154134645, 0.6877536107042823, 0.68255679465153, 0.673714359586287, 0.6588043137797803, 0.6700466992096468, 0.6558180267160589]","[1.0059880018234253, 1.0059876441955566, 0.9981826583905653, 1.0035325136449602, 0.8442354090195714, 0.9773833371774114, 0.9731560308403439, 0.8653486371642412, 0.8277298713979697, 0.7956315218348696, 0.7674913884503672, 0.759940353764428, 0.7419395658810332, 0.7246801190033103, 0.7083603722579551, 0.7086043667702964, 0.689136449429724, 0.6927558695637819, 0.6863828650779195, 0.6911812755796645]","[1.0059881210327148, 1.005964142866809, 1.0056772475049953, 0.9941464569833544, 0.925188735530834, 0.8818834089931815, 0.8458915602739411, 0.7917712484540963, 0.7098739677908444, 0.6957446917801192, 0.7085566505895119, 0.7088336617145875, 0.7252776204139897, 0.7193788272232721, 0.7310399397846424, 0.7127155080783849, 0.7133509595827623, 0.6799485759467188, 0.6770469976239132, 0.6791568877404989]","[1.0059880018234253, 1.0059621107457863, 1.00598764332858, 1.0033380473984612, 0.79951957453983, 0.9629207311977039, 0.8895371220208178, 0.881231178773774, 0.8456150820339569, 0.8157503656215138, 0.7697618339504256, 0.7334913330728358, 0.7235452166350201, 0.6944544005424085, 0.6889651386515059, 0.6486938350549852, 0.640830404185737, 0.6156740566501112, 0.6021168501494509, 0.6004370286729601]"
16,"[1.0059880741437277, 1.0059877634048462, 1.0053441748474583, 0.9758080347138222, 0.738965258243108, 0.9166593354940414, 0.9454469932751222, 0.8969949121366848, 0.8706138634741908, 0.8022320288209001, 0.7211491858748474, 0.6807867553875302, 0.6790401747371211, 0.6701497610124073, 0.6725641280051433, 0.6673382643994057, 0.6343119816843308, 0.6575230905007232, 0.6432571504513422, 0.6429209743440151]","[1.0059880018234253, 1.0059875282615123, 1.005374904208713, 0.9953758060209679, 0.9481422502765752, 0.978769515740751, 0.9022713489484305, 0.9635096152503081, 0.9707922731385087, 0.7588831159532672, 0.7655648461699185, 0.7457160796217545, 0.7299084999367144, 0.7209073724048306, 0.7272563257211386, 0.6869036432077186, 0.6864587834326907, 0.6707455113289332, 0.6534962144268281, 0.6386037082322921]","[1.00598800114911, 1.00598798123273, 1.0059879901433233, 0.9789833609985583, 0.9962905974701197, 0.9871086582993016, 0.9796724604807718, 0.7987067485849063, 0.7207662624256177, 0.6931698999501238, 0.677040564624047, 0.666363099738203, 0.6489378996900838, 0.6474243380370164, 0.6452481167981721, 0.6288857105028147, 0.6377033801437026, 0.6253540018953458, 0.6234065075790641, 0.6258214784812446]","[1.0059880018234253, 1.005987620642691, 0.930578318737974, 0.9977748166310667, 0.7032583793064561, 0.8909804537470895, 0.8578799609087332, 0.7892696459847267, 0.7783669087682108, 0.7892153933343261, 0.7748729220138054, 0.7766870037820002, 0.749373062689497, 0.7372596430161384, 0.7354452557214582, 0.7017565049818068, 0.6980575451646188, 0.682270002801611, 0.6875441507408113, 0.6623714913804122]","[1.0059881210327148, 1.0059079182990873, 0.9998428386389607, 1.0051437835380284, 0.9464434882125469, 0.9320931333303452, 0.9356719084881773, 0.8489652517859382, 0.8178575836769258, 0.7594076388284112, 0.7166222217483352, 0.7167087393208886, 0.6961099857257472, 0.6874349489958599, 0.6804545501837826, 0.6809188595105602, 0.6600579172433024, 0.6547547082843804, 0.6520713619963088, 0.6379115627043777]","[1.0059880651127209, 1.0059878822528954, 1.0046257187140109, 0.9777981559856973, 0.9868194347198563, 0.9648044551081127, 0.9875229549167132, 0.9657026028091257, 0.8938359659699479, 0.7531764480095319, 0.7345173245322223, 0.7128514392252522, 0.6972324016931081, 0.6942980419430468, 0.6733970522158074, 0.6455124935297051, 0.6443968972277762, 0.6372898049426802, 0.6161481526268251, 0.6136116038097276]","[1.0059880651127209, 1.0059880018234253, 1.0022867432628015, 1.0053564075508503, 0.9400560345583492, 0.9001349250626083, 0.8995165906289612, 0.9655064334592434, 0.873336647550265, 0.8342439437093156, 0.8050812666825574, 0.781480173129927, 0.759236565304525, 0.7565016338650626, 0.7200155655979508, 0.7202338172600727, 0.6958267675866985, 0.6609754430886471, 0.6571506526750146, 0.6293061297981426]","[1.0059878826141357, 1.0059878815304149, 1.0059879924311783, 0.9876470194561313, 0.9514005827903748, 0.8840574265790708, 0.9086304325527615, 0.9199380792030181, 0.8608442358808084, 0.8409382288624542, 0.8434699051789563, 0.824209536792654, 0.7661324881197829, 0.7327841905978593, 0.6745419614137423, 0.666150240688914, 0.6560075252510682, 0.6603971295389864, 0.6285316836066318, 0.6036413430670897]","[1.0059880018234253, 1.0059878826141357, 1.0059767542945015, 1.0027114265735704, 0.9647122614913517, 0.9189329231628264, 0.969166970120536, 0.8595705574871314, 0.8204580277385134, 0.7417825624617663, 0.6833343806862832, 0.6407874661729192, 0.6384745088430366, 0.6117938184625271, 0.6124984098948313, 0.6112861691008915, 0.6081483277272094, 0.6148611151118472, 0.6206966303033058, 0.6165368252676545]","[1.0059880018234253, 1.005987882758632, 1.0018485031465088, 0.9898918993786128, 0.9491666979892085, 0.8592193970656155, 0.8749450747473071, 0.8100190413178819, 0.8601828147666623, 0.7702680231841526, 0.7297339182083655, 0.7172602175672849, 0.7060180496597531, 0.7127151173503712, 0.6959188476069407, 0.7012735848866328, 0.7034961192114184, 0.6816050507865771, 0.6875165234129839, 0.6762412826942675]"
17,"[1.0059880018234253, 1.0059788728723622, 1.005988001317689, 1.0014260180911632, 0.951839477004427, 0.9481941064861086, 0.9134008570451929, 0.8492434224817488, 0.9017233529897651, 0.8564625053002377, 0.774707101154508, 0.7220256173016146, 0.6966898879935645, 0.6577060410681397, 0.6548869816823439, 0.6473899678261292, 0.6407451687798356, 0.6419927536718774, 0.647723226797099, 0.631779793624324]","[1.0059879251200743, 1.0059878826141357, 1.0059878826141357, 1.0020366530586975, 0.9723896671696143, 0.9697522186751317, 0.9936443844166669, 0.9788060625333979, 0.8530531579466781, 0.8099682577451071, 0.7722124304321378, 0.7355741065439552, 0.7441481237670388, 0.718981272117658, 0.6951766043329479, 0.7008915678058008, 0.681264787152259, 0.672067622495721, 0.6643648809917045, 0.6549842105504841]","[1.0059880018234253, 1.0059877634048462, 1.0037124925671201, 0.9432205883661906, 0.8621228012833932, 0.906452019491581, 0.9117913333875964, 0.8923104210875251, 0.885731127733233, 0.7892150255360386, 0.7744462807009919, 0.7213081860060644, 0.6995768791316735, 0.6691476074794326, 0.6508056126128543, 0.633331771402648, 0.6243164612036762, 0.6187447126661286, 0.6208658534724905, 0.6048048465134519]","[1.005987889694445, 1.0059878826141357, 0.9960432730539881, 1.0021120209404917, 0.9222786577843657, 0.9093629590790682, 0.9389466949544771, 0.8777363732126024, 0.8552136472018078, 0.8169994811232042, 0.7957478120832733, 0.75229923243625, 0.7282812557693081, 0.7203227102816707, 0.7171236288968963, 0.6994433836488411, 0.6805706210870935, 0.6636120085222552, 0.6553215915401175, 0.6584371416300836]","[1.0059880018234253, 1.005987926757697, 1.0059878826141357, 1.0033724496099683, 0.9803113753687251, 1.0051572315861481, 0.9344860641462635, 0.9520760052914571, 0.7918863088554806, 0.8115066555624056, 0.7783614685619721, 0.7332336218301395, 0.7445812061052732, 0.7064646452484709, 0.6814451978212656, 0.6717871749973057, 0.637542591967968, 0.6102360649181134, 0.6016926580185842, 0.6027331895840289]","[1.0059878826141357, 1.0059330044611536, 1.0059391802007502, 1.004399150682218, 0.8656372144968822, 0.9674036994726971, 0.9862232710616757, 0.9050972777665264, 0.8066598559780555, 0.7891494759285089, 0.7727982501158811, 0.7442619890004697, 0.7455295257511163, 0.7133761611309919, 0.7055192845585672, 0.6874367778033319, 0.6874562099651255, 0.6729575504994754, 0.6662222711230167, 0.6621144913121907]","[1.0059878883939801, 1.0058184648523427, 1.0042913588128908, 0.9872324142973833, 0.9308362742701565, 0.9136668392654621, 0.8786428760398518, 0.8292132529646459, 0.77612318050756, 0.7137827158531155, 0.7074194326033496, 0.7081954595898137, 0.6955798971081021, 0.7006604138709078, 0.6862642033955063, 0.6654627422401399, 0.6528630030937869, 0.6519637884229723, 0.6458986810075514, 0.6325998174241095]","[1.0059880018234253, 1.0059878826141357, 1.0059876441955566, 0.9949147265848487, 0.9940332741207547, 0.9390009028261358, 0.9543566725410596, 0.8873051172013234, 0.8810727756477967, 0.7973913545981802, 0.7586938754807819, 0.7154697476101645, 0.7066172135613783, 0.6930785475821808, 0.67755390814609, 0.6777956923247889, 0.6642541060950419, 0.6492629562062446, 0.6245835287944235, 0.6333567994215874]","[1.0059878826141357, 1.0059556112144932, 0.9999886342853007, 0.9869802204767862, 0.8335979795666656, 0.9119835429781615, 0.8939547012069009, 0.8544921189275655, 0.8076844615545689, 0.7528071074624254, 0.7086839359772927, 0.724535204069783, 0.7252718980474906, 0.7375049901986965, 0.7237253011386804, 0.7107411732125763, 0.7052781075269284, 0.71920630418291, 0.6993707037408544, 0.7102594432686314]","[1.0059879050832807, 1.0059881210327148, 1.0053578688640787, 0.866199233092443, 0.9614701278221728, 0.9281019503329739, 0.856450014295, 0.9477749499347475, 0.8635253201861575, 0.7822479767886678, 0.7715481472421776, 0.7223948077225324, 0.7092976856367155, 0.6687300850029546, 0.6714171982127609, 0.6430526550987152, 0.6320851140251064, 0.6199508259979764, 0.6161203663728454, 0.6212830588928979]"
18,"[1.0059881210327148, 1.0059878826141357, 1.0059877647293938, 1.0022348533856749, 0.8439367545343409, 0.9365710900889502, 0.9930523554905496, 0.9598503871277125, 0.889004747093928, 0.8083062838890938, 0.77914676924095, 0.7631377893957225, 0.7549610407755832, 0.7398032585644361, 0.7285656709276667, 0.7281692578696242, 0.7391955962551363, 0.7014865852486003, 0.7054491066872471, 0.6832073959286766]","[1.0059880018234253, 1.0059878826141357, 0.9869698899803739, 1.0055879516312571, 0.9059192754915266, 0.8329825796156821, 0.9106898553293161, 0.8901492550156334, 0.8216360575231639, 0.7361172669704514, 0.694808759841353, 0.6747790042288375, 0.6740119691569396, 0.6572212615022154, 0.6492282194757101, 0.6606431339952079, 0.6322016579424492, 0.6277015121612284, 0.6353662422570315, 0.6351737295226617]","[1.0059880018234253, 1.0059878826141357, 1.0040909995936385, 0.9650873308831995, 0.9987810810166176, 0.9741894162965543, 0.9506676071641421, 0.9468961674697471, 0.9029691721393605, 0.7973464914463987, 0.7758779281483155, 0.7330880805699512, 0.7240313134169337, 0.7120028951192143, 0.7057837594187621, 0.6853221831312686, 0.6781979982554912, 0.6718272244990474, 0.6779658158981439, 0.6626816490397911]","[1.0059880018234253, 1.0059880942527695, 0.9937839119000869, 0.9959791164506565, 0.9591090513359417, 0.9471240817296385, 0.9138466297737275, 0.8689091026752886, 0.8618828240970169, 0.7817815535778951, 0.7269075502620803, 0.6903369497440078, 0.6787510853027454, 0.6562145565961949, 0.650929395576017, 0.6459154237129472, 0.6442608675255318, 0.6324924955765406, 0.6347510735555129, 0.6162629016360851]","[1.0059880018234253, 1.0059878826141357, 1.0048300596921131, 0.9928777816018672, 0.9815743842630675, 0.9084002476930618, 0.9045310929929368, 0.8696899132776742, 0.8840416645401656, 0.8564546948731547, 0.7932164787433365, 0.7582766533229086, 0.7368737718839236, 0.7318696747042917, 0.6922719906451125, 0.6782567979786733, 0.6669571895490993, 0.6561117724682948, 0.6513885392293786, 0.6442276953190866]","[1.0059880018234253, 1.005988238363555, 1.0028367545147134, 1.000647533873115, 0.9496462001643999, 0.8455618565341438, 0.8910860083500545, 0.867440897346747, 0.8171103135804937, 0.7821494348783685, 0.7401695607948785, 0.7115761377022723, 0.7014439008979484, 0.689215369572242, 0.6857873640307273, 0.6822667125484558, 0.6677619686180895, 0.6590399907634716, 0.6542266123057013, 0.65289927339313]","[1.0059880018234253, 1.0059808088553073, 1.0052905830469998, 0.9949865285796349, 0.9941480498121242, 0.9910185235317307, 0.8975830416486721, 0.8639535689173323, 0.8223874033641334, 0.7985866601358761, 0.7775247424840928, 0.7819620527522733, 0.7659602591274964, 0.7595807758575738, 0.7572659597523285, 0.721031657872778, 0.7054778856039047, 0.6872464733638547, 0.689534533120165, 0.672534736212757]","[1.0059878826141357, 1.0059812059065307, 0.9979257471513266, 0.9996600275689905, 0.9530000360204716, 0.9108311448855834, 0.9012369540634781, 0.9349831735064285, 0.8528799800800555, 0.8465616965564815, 0.8338304619596462, 0.81960787936142, 0.7835220403592996, 0.7400048174009178, 0.7312828362861065, 0.7089905396736029, 0.6849144462578827, 0.6531232308152348, 0.6533168465651648, 0.6482700357428103]","[1.0059880018234253, 1.0059878826141357, 1.0059649044817145, 0.9973686648619295, 0.9971923403727888, 0.9875804710869838, 0.9894715840106059, 0.9538603322433703, 0.8796612110342642, 0.8159634508508624, 0.7438482818579433, 0.73635152471788, 0.7071337839449295, 0.6774001083801491, 0.6905690784737317, 0.6738468869226147, 0.6776879594482557, 0.6626511667984905, 0.6446538081524348, 0.655031429959668]","[1.0059878826141357, 1.0059528817070855, 1.005060014002251, 0.9451916820789227, 0.9987356990756411, 0.9886774464087053, 0.9659602160646458, 0.9146829260539527, 0.8448454809956478, 0.8065250852297653, 0.7552119952169332, 0.74304235884186, 0.7346217321627068, 0.7422474491114568, 0.722031933561419, 0.7091005978936499, 0.7212530265191589, 0.7126954651345508, 0.7229917340070913, 0.697667884322429]"
19,"[1.0059880018234253, 1.0059879422187805, 0.9927318090501458, 0.9870537313668415, 0.7986273471077885, 0.9672182487959814, 0.9149637206094433, 0.8740366989374161, 0.8587919971813457, 0.8097181930581127, 0.759666632054129, 0.7339045336390987, 0.7076062508348865, 0.6960806887318389, 0.6788030171830847, 0.6733401801730647, 0.6728422916989134, 0.6685130695622377, 0.6537762820841087, 0.6517503463032872]","[1.0059880018234253, 1.0059880040149496, 1.0029793232137507, 1.005460739232073, 0.9510635488231977, 0.8299417591034765, 0.9292508064375984, 0.975364728413447, 0.8903741749308326, 0.8470229165602212, 0.8270156727595763, 0.8122511370013459, 0.7880334310188438, 0.7689682167256722, 0.755668028105389, 0.7414144204376322, 0.736151898372354, 0.7211595837636428, 0.7233103162742625, 0.7251196536692706]","[1.0059880018234253, 1.005927849971887, 1.002848432088139, 0.9714704332448015, 0.8629657394672283, 0.9718634734129665, 0.9497870206953299, 0.947315687230139, 0.8964220158710624, 0.8253289470287285, 0.7718067269523938, 0.764206994633482, 0.7138580697308285, 0.713239420817958, 0.6728169270988666, 0.6637858265668455, 0.6271521875367623, 0.6352746613233379, 0.623638461444414, 0.6263323438671803]","[1.0059880018234253, 1.00597497029738, 1.0008652685266552, 0.9818110432408073, 0.9817670427277835, 0.9756801141873754, 0.9740190593160765, 0.9535138291000116, 0.8891169381803936, 0.8372164238883991, 0.7968168120251762, 0.7655535246386672, 0.7506440611680348, 0.7178456661511551, 0.681416497765617, 0.6591015424993303, 0.6730982734940268, 0.6651863903665182, 0.6556784851171754, 0.6218121824962924]","[1.0059880018234253, 1.0059756325952935, 1.0059878826141357, 0.9915421636538072, 0.7678986481163237, 0.9260871832629647, 0.9525075530765033, 0.9663815692518697, 0.9316132336975348, 0.8323478738376588, 0.7747698934903049, 0.7498075811038114, 0.7475824202702503, 0.7384052935483479, 0.7145193035117906, 0.6960295201130587, 0.6862713609214383, 0.6758787116212677, 0.6616067345861835, 0.6533729739893567]","[1.0059880018234253, 1.005951315056194, 1.0058040709929033, 0.9658788645418004, 0.8798830958448275, 0.9681675801313284, 0.8996567814879948, 0.867253542447632, 0.8146009517890034, 0.8086266827357538, 0.7654985581609336, 0.735595720576668, 0.7094119843208428, 0.6949637482699119, 0.6973325489115233, 0.6747181151596585, 0.6654875220448682, 0.6522028234947209, 0.6264428448315823, 0.6379413657748338]","[1.0059880018234253, 1.0059878686702612, 0.998460766655026, 1.0004402818222238, 0.8735798991238228, 0.9419512310985363, 0.9308288174385976, 0.9263285976226884, 0.8396253779440215, 0.791712886113109, 0.7595108500424057, 0.7350672450450936, 0.7102975853811009, 0.6968332287458459, 0.6849470111908335, 0.6642596172142511, 0.629711877437252, 0.6477174854835477, 0.6174192257601805, 0.6099034334839595]","[1.0059878862987865, 1.0059879892040984, 0.9898127625084887, 0.9968652336645608, 0.9923209810377371, 0.9595543952903363, 0.9620778030157089, 0.8426518107875429, 0.771010231974751, 0.7215041261279221, 0.7133881779978372, 0.6749331237210168, 0.66514410625353, 0.6377331789951733, 0.6358887265231272, 0.6427895033224063, 0.6232369816950475, 0.6395467025658699, 0.6134693884006654, 0.6172049124207761]","[1.0059880018234253, 1.0059878826141357, 1.0026974537035431, 1.004461606692786, 0.8502185075210803, 0.9648623517607198, 0.9605592804966551, 0.9103750005755762, 0.817040958467758, 0.776688395580559, 0.7705300649007162, 0.747603191892908, 0.7280618972399018, 0.7185448005765376, 0.6830238539447085, 0.6869792911064143, 0.6844614416842508, 0.6685408479487053, 0.6673889779788678, 0.6709660476355842]","[1.0059880294462646, 1.0059797545153686, 0.9924371846757754, 0.9923355063645527, 0.8815573509880389, 0.9907344520332837, 0.9900668744607405, 0.8581361926655576, 0.8495093295008245, 0.8349632036685943, 0.8139890327628213, 0.8063398116375461, 0.7924292640734201, 0.7918279176709628, 0.7762519938385848, 0.7550798014167583, 0.7569316351759915, 0.7302558136769015, 0.7431489095889559, 0.7161547024277124]"
